Name,Number,You get,Text
Zai,$70.00,3.245248029671,3.9
Cody,$80.00,3.708854891052,4
Treve,$35.00,1.622624014835,"1.43 "
Luis,$40.00,1.854427445526,"2.36 w bag "